,作品名,本文
0,石川啄木 一利己主義者と友人との対話,"
Ｂ　おい、おれは今度また引越しをしたぜ。
Ａ　そうか。君は来るたんび引越しの披露（ひろう）をして行くね。
Ｂ　それは僕には引越し位の外に何もわざわざ披露するような事件が無いからだ。
Ａ　葉書でも済むよ。
Ｂ　しかし今度のは葉書では済まん。
Ａ　どうしたんだ。何日（いつ）かの話の下宿の娘から縁談でも申込まれて逃げ出したのか。
Ｂ　莫迦（ばか）なことを言え。女の事なんか近頃もうちっとも僕の目にうつらなくなった。女より食物（くいもの）だね。好きな物を食ってさえいれあ僕には不平はない。
Ａ　殊勝な事を言う。それでは今度の下宿はうまい物を食わせるのか。
Ｂ　三度三度うまい物ばかり食わせる下宿が何処（どこ）にあるもんか。
Ａ　安下宿ばかりころがり歩いた癖に。
Ｂ　皮肉るない。今度のは下宿じゃないんだよ。僕はもう下宿生活には飽き飽きしちゃった。
Ａ　よく自分に飽きないね。
Ｂ　自分にも飽きたさ。飽きたから今度の新生活を始めたんだ。室（へや）だけ借りて置いて、飯は三度とも外へ出て食うことにしたんだよ。
Ａ　君のやりそうなこったね。
Ｂ　そうかね。僕はまた君のやりそうなこったと思っていた。
Ａ　何故（なぜ）。
Ｂ　何故ってそうじゃないか。第一こんな自由な生活はないね。居処（いどころ）って奴は案外人間を束縛するもんだ。何処かへ出ていても、飯時になれあ直ぐ家のことを考える。あれだけでも僕みたいな者にゃ一種の重荷だよ。それよりは何処でも構わず腹の空（す）いた時に飛び込んで、自分の好きな物を食った方が可（い）じゃないか。（間）何でも好きなものが食えるんだからなあ。初めの間（うち）は腹のへって来るのが楽みで、一日に五回ずつ食ってやった。出掛けて行って食って来て、煙草でも喫（の）んでるとまた直ぐ食いたくなるんだ。
Ａ　飯の事をそう言えや眠る場所だってそうじゃないか。毎晩毎晩同じ夜具を着て寝るってのも余り有難いことじゃないね。
Ｂ　それはそうさ。しかしそれは仕方がない。身体（からだ）一つならどうでも可いが、机もあるし本もある。あんな荷物をどっさり持って、毎日毎日引越して歩かなくちゃならないとなったら、それこそ苦痛じゃないか。
Ａ　飯のたんびに外に出なくちゃならないというのと同じだ。
Ｂ　飯を食いに行くには荷物はない。身体だけで済むよ。食いたいなあと思った時、ひょいと立って帽子を冠（かぶ）って出掛けるだけだ。財布さえ忘れなけや可い。ひと足ひと足うまい物に近づいて行くって気持は実に可いね。
Ａ　ひと足ひと足新しい眠りに近づいて行く気持はどうだね。ああ眠くなったと思った時、てくてく寝床を探しに出かけるんだ。昨夜（ゆうべ）は隣の室で女の泣くのを聞きながら眠ったっけが、今夜は何を聞いて眠るんだろうと思いながら行くんだ。初めての宿屋じゃ此方（こっち）の誰だかをちっとも知らない。知った者の一人もいない家の、行燈（あんどん）か何かついた奥まった室に、やわらかな夜具の中に緩（ゆっ）くり身体を延ばして安らかな眠りを待ってる気持はどうだね。
Ｂ　それあ可いさ。君もなかなか話せる。
Ａ　可いだろう。毎晩毎晩そうして新しい寝床で新しい夢を結ぶんだ。（間）本も机も棄てっちまうさ。何もいらない。本を読んだってどうもならんじゃないか。
Ｂ　ますます話せる。しかしそれあ話だけだ。初めのうちはそれで可いかも知れないが、しまいにはきっとおっくうになる。やっぱり何処かに落付いてしまうよ。
Ａ　飯を食いに出かけるのだってそうだよ。見給え、二日経（た）つと君はまた何処かの下宿にころがり込むから。
Ｂ　ふむ。おれは細君を持つまでは今の通りやるよ。きっとやってみせるよ。
Ａ　細君を持つまでか。可哀想に。（間）しかし羨（うらや）ましいね君の今のやり方は、実はずっと前からのおれの理想だよ。もう三年からになる。
Ｂ　そうだろう。おれはどうも初め思いたった時、君のやりそうなこったと思った。
Ａ　今でもやりたいと思ってる。たった一月でも可い。
Ｂ　どうだ、おれん処へ来て一緒にやらないか。可いぜ。そして飽きたら以前（もと）に帰るさ。
Ａ　しかし厭（いや）だね。
Ｂ　何故。おれと一緒が厭なら一人でやっても可いじゃないか。
Ａ　一緒でも一緒でなくても同じことだ。君は今それを始めたばかりで大いに満足してるね。僕もそうに違いない。やっぱり初めのうちは日に五度（たび）も食事をするかも知れない。しかし君はそのうちに飽きてしまっておっくうになるよ。そうしておれん処へ来て、また引越しの披露をするよ。その時おれは、「とうとう飽きたね」と君に言うね。
Ｂ　何だい。もうその時の挨拶（あいさつ）まで工夫（くふう）してるのか。
Ａ　まあさ。「とうとう飽きたね」と君に言うね。それは君に言うのだから可い。おれは其奴（そいつ）を自分には言いたくない。
Ｂ　相不変（あいかわらず）厭な男だなあ、君は。
Ａ　厭な男さ。おれもそう思ってる。
Ｂ　君は何日（いつ）か――あれは去年かな――おれと一緒に行って淫売屋（いんばいや）から逃げ出した時もそんなことを言った。
Ａ　そうだったかね。
Ｂ　君はきっと早く死ぬ。もう少し気を広く持たなくちゃ可かんよ。一体君は余りアンビシャスだから可かん。何だって真の満足ってものは世の中に有りやしない。従って何だって飽きる時が来るに定（きま）ってらあ。飽きたり、不満足になったりする時を予想して何にもせずにいる位なら、生れて来なかった方が余っ程可いや。生れた者はきっと死ぬんだから。
Ａ　笑わせるない。
Ｂ　笑ってもいないじゃないか。
Ａ　可笑（おか）しくもない。
Ｂ　笑うさ。可笑しくなくったって些（ちっ）たあ笑わなくちゃ可かん。はは。（間）しかし何だね。君は自分で飽きっぽい男だと言ってるが、案外そうでもないようだね。
Ａ　何故。
Ｂ　相不変（あいかわらず）歌を作ってるじゃないか。
Ａ　歌か。
Ｂ　止（や）めたかと思うとまた作る。執念深いところが有るよ。やっぱり君は一生歌を作るだろうな。
Ａ　どうだか。
Ｂ　歌も可いね。こないだ友人とこへ行ったら、やっぱり歌を作るとか読むとかいう姉さんがいてね。君の事を話してやったら、「あの歌人はあなたのお友達なんですか」って喫驚（びっくり）していたよ。おれはそんなに俗人に見えるのかな。
Ａ　「歌人」は可かったね。
Ｂ　首をすくめることはないじゃないか。おれも実は最初変だと思ったよ。Ａは歌人だ！　何んだか変だものな。しかし歌を作ってる以上はやっぱり歌人にゃ違いないよ。おれもこれから一つ君を歌人扱いにしてやろうと思ってるんだ。
Ａ　御馳走（ごちそう）でもしてくれるのか。
Ｂ　莫迦（ばか）なことを言え。一体歌人にしろ小説家にしろ、すべて文学者といわれる階級に属する人間は無責任なものだ。何を書いても書いたことに責任は負わない。待てよ、これは、何日（いつ）か君から聞いた議論だったね。
Ａ　どうだか。
Ｂ　どうだかって、たしかに言ったよ。文芸上の作物は巧（うま）いにしろ拙（まず）いにしろ、それがそれだけで完了してると云う点に於て、人生の交渉は歴史上の事柄と同じく間接だ、とか何んとか。（間）それはまあどうでも可いが、とにかくおれは今後無責任を君の特権として認めて置く。特待生だよ。
Ａ　許してくれ。おれは何よりもその特待生が嫌（きら）いなんだ。何日だっけ北海道へ行く時青森から船に乗ったら、船の事務長が知ってる奴だったものだから、三等の切符を持ってるおれを無理矢理に一等室に入れたんだ。室だけならまだ可いが、食事の時間になったらボーイを寄こしてとうとう食堂まで引張り出された。あんなに不愉快な飯を食ったことはない。
Ｂ　それは三等の切符を持っていた所為（せい）だ。一等の切符さえ有れあ当り前じゃないか。
Ａ　莫迦（ばか）を言え。人間は皆赤切符だ。
Ｂ　人間は皆赤切符！　やっぱり話せるな。おれが飯屋へ飛び込んで空樽（あきだる）に腰掛けるのもそれだ。
Ａ　何だい、うまい物うまい物って言うから何を食うのかと思ったら、一膳飯屋へ行くのか。
Ｂ　上（かみ）は精養軒の洋食から下（しも）は一膳飯、牛飯、大道の焼鳥に至るさ。飯屋にだってうまい物は有るぜ。先刻（さっき）来る時はとろろ飯を食って来た。
Ａ　朝には何を食う。
Ｂ　近所にミルクホールが有るから其処（そこ）へ行く。君の歌も其処で読んだんだ。何でも雑誌をとってる家だからね。（間）そうそう、君は何日（いつ）か短歌が滅びるとおれに言ったことがあるね。この頃その短歌滅亡論という奴が流行（はや）って来たじゃないか。
Ａ　流行るかね。おれの読んだのは尾上柴舟（おのえさいしゅう）という人の書いたのだけだ。
Ｂ　そうさ。おれの読んだのもそれだ。然（しか）し一人が言い出す時分にゃ十人か五人は同じ事を考えてるもんだよ。
Ａ　あれは尾上という人の歌そのものが行きづまって来たという事実に立派な裏書（うらがき）をしたものだ。
Ｂ　何を言う。そんなら君があの議論を唱えた時は、君の歌が行きづまった時だったのか。
Ａ　そうさ。歌ばかりじゃない、何もかも行きづまった時だった。
Ｂ　しかしあれには色色理窟（りくつ）が書いてあった。
Ａ　理窟は何にでも着くさ。ただ世の中のことは一つだって理窟によって推移していないだけだ。たとえば、近頃の歌は何首或（あるい）は何十首を、一首一首引き抜いて見ないで全体として見るような傾向になって来た。そんなら何故（なぜ）それらを初めから一つとして現さないか。一一分解して現す必要が何処にあるか、とあれに書いてあったね。一応尤（もっと）もに聞えるよ。しかしあの理窟に服従すると、人間は皆死ぬ間際（まぎわ）まで待たなければ何も書けなくなるよ。歌は――文学は作家の個人性の表現だということを狭く解釈してるんだからね。仮に今夜なら今夜のおれの頭の調子を歌うにしてもだね。なるほどひと晩のことだから一つに纏（まと）めて現した方が都合は可いかも知れないが、一時間は六十分で、一分は六十秒だよ。連続はしているが初めから全体になっているのではない。きれぎれに頭に浮んで来る感じを後（あと）から後からときれぎれに歌ったって何も差支（さしつか）えがないじゃないか。一つに纏める必要が何処にあると言いたくなるね。
Ｂ　君はそうすっと歌は永久に滅びないと云うのか。
Ａ　おれは永久という言葉は嫌いだ。
Ｂ　永久でなくても可い。とにかくまだまだ歌は長生（ながいき）すると思うのか。
Ａ　長生はする。昔から人生五十というが、それでも八十位まで生きる人は沢山ある。それと同じ程度の長生はする。しかし死ぬ。
Ｂ　何日になったら八十になるだろう。
Ａ　日本の国語が統一される時さ。
Ｂ　もう大分統一されかかっているぜ。小説はみんな時代語になった。小学校の教科書と詩も半分はなって来た。新聞にだって三分の一は時代語で書いてある。先を越してローマ字を使う人さえある。
Ａ　それだけ混乱していたら沢山じゃないか。
Ｂ　うむ。そうすっとまだまだか。
Ａ　まだまだ。日本は今三分の一まで来たところだよ。何もかも三分の一だ。所謂（いわゆる）古い言葉と今の口語と比べてみても解る。正確に違って来たのは、「なり」「なりけり」と「だ」「である」だけだ。それもまだまだ文章の上では併用されている。音文字（おんもじ）が採用されて、それで現すに不便な言葉がみんな淘汰（とうた）される時が来なくちゃ歌は死なない。
Ｂ　気長い事を言うなあ。君は元来性急（せっかち）な男だったがなあ。
Ａ　あまり性急だったお蔭（かげ）で気長になったのだ。
Ｂ　悟ったね。
Ａ　絶望したのだ。
Ｂ　しかしとにかく今の我々の言葉が五とか七とかいう調子を失ってるのは事実じゃないか。
Ａ　「いかにさびしき夜なるぞや」「なんてさびしい晩だろう」どっちも七五調じゃないか。
Ｂ　それは極（きわ）めて稀（まれ）な例だ。
Ａ　昔の人は五七調や七五調でばかり物を言っていたと思うのか。莫迦。
Ｂ　これでも賢いぜ。
Ａ　とはいうものの、五と七がだんだん乱れて来てるのは事実だね。五が六に延び、七が八に延びている。そんならそれで歌にも字あまりを使えば済むことだ。自分が今まで勝手に古い言葉を使って来ていて、今になって不便だもないじゃないか。なるべく現代の言葉に近い言葉を使って、それで三十一字に纏（まとま）りかねたら字あまりにするさ。それで出来なけれあ言葉や形が古いんでなくって頭が古いんだ。
Ｂ　それもそうだね。
Ａ　のみならず、五も七も更に二とか三とか四とかにまだまだ分解することが出来る。歌の調子はまだまだ複雑になり得る余地がある。昔は何日（いつ）の間にか五七五、七七と二行に書くことになっていたのを、明治になってから一本に書くことになった。今度はあれを壊（こわ）すんだね。歌には一首一首各（おのおの）異った調子がある筈（はず）だから、一首一首別なわけ方で何行かに書くことにするんだね。
Ｂ　そうすると歌の前途はなかなか多望なことになるなあ。
Ａ　人は歌の形は小さくて不便だというが、おれは小さいから却（かえ）って便利だと思っている。そうじゃないか。人は誰でも、その時が過ぎてしまえば間もなく忘れるような、乃至（ないし）は長く忘れずにいるにしても、それを言い出すには余り接穂（つぎほ）がなくてとうとう一生言い出さずにしまうというような、内から外からの数限りなき感じを、後から後からと常に経験している。多くの人はそれを軽蔑（けいべつ）している。軽蔑しないまでも殆（ほとん）ど無関心にエスケープしている。しかしいのちを愛する者はそれを軽蔑することが出来ない。
Ｂ　待てよ。ああそうか。一分は六十秒なりの論法だね。
Ａ　そうさ。一生に二度とは帰って来ないいのちの一秒だ。おれはその一秒がいとしい。ただ逃がしてやりたくない。それを現すには、形が小さくて、手間暇（てまひま）のいらない歌が一番便利なのだ。実際便利だからね。歌という詩形を持ってるということは、我々日本人の少ししか持たない幸福のうちの一つだよ。（間）おれはいのちを愛するから歌を作る。おれ自身が何よりも可愛いから歌を作る。（間）しかしその歌も滅亡する。理窟からでなく内部から滅亡する。しかしそれはまだまだ早く滅亡すれば可いと思うがまだまだだ。（間）日本はまだ三分の一だ。
Ｂ　いのちを愛するってのは可いね。君は君のいのちを愛して歌を作り、おれはおれのいのちを愛してうまい物を食ってあるく。似たね。
Ａ　（間）おれはしかし、本当のところはおれに歌なんか作らせたくない。
Ｂ　どういう意味だ。君はやっぱり歌人だよ。歌人だって可いじゃないか。しっかりやるさ。
Ａ　おれはおれに歌を作らせるよりも、もっと深くおれを愛している。
Ｂ　解らんな。
Ａ　解らんかな。（間）しかしこれは言葉でいうと極くつまらんことになる。
Ｂ　歌のような小さいものに全生命を託することが出来ないというのか。
Ａ　おれは初めから歌に全生命を託そうと思ったことなんかない。（間）何にだって全生命を託することが出来るもんか。（間）おれはおれを愛してはいるが、そのおれ自身だってあまり信用してはいない。
Ｂ　（やや突然に）おい、飯食いに行かんか。（間、独語するように）おれも腹のへった時はそんな気持のすることがあるなあ。



"
1,石川啄木 火星の芝居,"
『何か面白い事はないか？』
『俺は昨夜（ゆうべ）火星に行って来た』
『そうかえ』
『真個（ほんと）に行って来たよ』
『面白いものでもあったか？』
『芝居を見たんだ』
『そうか。日本なら「冥途（めいど）の飛脚」だが、火星じゃ「天上の飛脚」でも演（や）るんだろう？』
『そんなケチなもんじゃない。第一劇場からして違うよ』
『一里四方もあるのか？』
『莫迦（ばか）な事を言え。先（ま）ず青空を十里四方位の大（おおき）さに截（き）って、それを圧搾して石にするんだ。石よりも堅くて青くて透徹（すきとお）るよ』
『それが何だい？』
『それを積み重ねて、高い、高い、無際限に高い壁を築き上げたもんだ、然（しか）も二列にだ、壁と壁との間が唯五間位しかないが、無際限に高いので、仰ぐと空が一本の銀の糸の様に見える』
『五間の舞台で芝居がやれるのか？』
『マア聞き給え。その青い壁が何処（どこ）まで続いているのか解らない。万里（ばんり）の長城（ちょうじょう）を二重（ふたえ）にして、青く塗った様なもんだね』
『何処で芝居を演（や）るんだ？』
『芝居はまだだよ。その壁がつまり花道なんだ』
『もう沢山だ。止（よ）せよ』
『その花道を、俳優（やくしゃ）が先（ま）ず看客を引率して行くのだ。火星じゃ君、俳優（やくしゃ）が国王よりも権力があって、芝居が初まると国民が一人残らず見物しなけやならん憲法があるのだから、それはそれは非常な大入（おおいり）だよ、そんな大仕掛（おおじかけ）な芝居だから、準備にばかりも十カ月かかるそうだ』
『お産をすると同（おんな）じだね』
『その俳優（やくしゃ）というのが又素的（すてき）だ。火星の人間は、一体僕等より足が小くて胸が高くて、そして頭が無暗（むやみ）に大きいんだが、その中（うち）でも最も足が小くて最も胸が高くて、最も頭の大きい奴が第一流の俳優（やくしゃ）になる。だから君、火星のアアビングや団十郎は、ニコライの会堂の円天蓋（まるてんじょう）よりも大きい位な烏帽子（えぼし）を冠（かぶ）ってるよ』
『驚いた』
『驚くだろう？』
『君の法螺（ほら）にさ』
『法螺じゃない、真実（ほんと）の事だ。少くとも夢の中の事実だ。それで君、ニコライの会堂の屋根を冠（かぶ）った俳優（やくしゃ）が、何十億の看客を導いて花道から案内して行くんだ』
『花道から看客を案内するのか？』
『そうだ。其処（そこ）が地球と違ってるね』
『其処ばかりじゃない』
『どうせ違ってるさ。それでね、僕も看客の一人（にん）になってその花道を行ったとし給え。そして、並んで歩いてる人から望遠鏡を借りて前の方を見たんだがね、二十里も前の方にニコライの屋根の尖端（あたま）が三つばかり見えたよ』
『アッハハハ』
『行っても、行っても、青い壁だ。行っても、行っても、青い壁だ。何処（どこ）まで行っても青い壁だ。君、何処まで行ったって矢張（やっぱり）青い壁だよ』
『舞台を見ないうちに夜（よ）が明けるだろう？』
『それどころじゃない、花道ばかりで何年とか費（かか）るそうだ』
『好（い）い加減にして幕をあけ給え』
『だって君、何処まで行っても矢張（やはり）青い壁なんだ』
『戯言（じょうだん）じゃないぜ』
『戯言じゃないさ。そのうちに目が覚めたから夢も覚めて了（しま）ったんだ。ハッハハ』
『酷（ひど）い男だ、君は』
『だってそうじゃないか。そう何年も続けて夢を見ていた日にゃ、火星の芝居が初まらぬうちに、俺の方が腹を減らして目出度（めでたく）大団円になるじゃないか、俺だって青い壁の涯（はて）まで見たかったんだが、そのうちに目が覚めたから夢も覚めたんだ』



"
2,石川啄木 時代閉塞の現状 （強権、純粋自然主義の最後および明日の考察）,"



　　　　　一

　数日前本欄（東京朝日新聞の文芸欄）に出た「自己主張の思想としての自然主義」と題する魚住氏の論文は、今日における我々日本の青年の思索（しさく）的生活の半面――閑却（かんきゃく）されている半面を比較的明瞭（めいりょう）に指摘した点において、注意に値（あたい）するものであった。けだし我々がいちがいに自然主義という名の下に呼んできたところの思潮には、最初からしていくたの矛盾（むじゅん）が雑然として混在していたにかかわらず、今日までまだ何らの厳密なる検覈（けんかく）がそれに対して加えられずにいるのである。彼らの両方――いわゆる自然主義者もまたいわゆる非自然主義者も、早くからこの矛盾をある程度までは感知していたにかかわらず、ともにその「自然主義」という名を最初からあまりにオオソライズして考えていたために、この矛盾を根柢まで深く解剖（かいぼう）し、検覈（けんかく）することを、そうしてそれが彼らの確執（かくしつ）を最も早く解決するものなることを忘れていたのである。かくてこの「主義」はすでに五年の間間断（かんだん）なき論争を続けられてきたにかかわらず、今日なおその最も一般的なる定義をさえ与えられずにいるのみならず、事実においてすでに純粋自然主義がその理論上の最後を告げているにかかわらず、同じ名の下に繰返さるるまったくべつな主張と、それに対する無用の反駁（はんばく）とが、その熱心を失った状態をもっていつまでも継続されている。そうしてすべてこれらの混乱の渦中（かちゅう）にあって、今や我々の多くはその心内において自己分裂のいたましき悲劇に際会しているのである。思想の中心を失っているのである。
　自己主張的傾向が、数年前我々がその新しき思索的生活を始めた当初からして、一方それと矛盾する科学的、運命論的、自己否定的傾向（純粋自然主義）と結合していたことは事実である。そうしてこれはしばしば後者の一つの属性のごとく取扱われてきたにかかわらず、近来（純粋自然主義が彼の観照（かんしょう）論において実人生に対する態度を一決して以来）の傾向は、ようやく両者の間の溝渠（こうきょ）のついに越ゆべからざるを示している。この意味において、魚住氏の指摘はよくその時を得たものというべきである。しかし我々は、それとともにある重大なる誤謬（ごびゅう）が彼の論文に含まれているのを看過することができない。それは、論者がその指摘を一の議論として発表するために――「自己主張の思想としての自然主義」を説くために、我々に向って一の虚偽（きょぎ）を強要していることである。相矛盾せる両傾向の不思議なる五年間の共棲（きょうせい）を我々に理解させるために、そこに論者が自分勝手に一つの動機を捏造（ねつぞう）していることである。すなわち、その共棲がまったく両者共通の怨敵（おんてき）たるオオソリテイ――国家というものに対抗するために政略的に行われた結婚であるとしていることである。
　それが明白なる誤謬、むしろ明白なる虚偽であることは、ここに詳（くわ）しく述べるまでもない。我々日本の青年はいまだかつてかの強権に対して何らの確執をも醸（かも）したことがないのである。したがって国家が我々にとって怨敵となるべき機会もいまだかつてなかったのである。そうしてここに我々が論者の不注意に対して是正（ぜせい）を試みるのは、けだし、今日の我々にとって一つの新しい悲しみでなければならぬ。なぜなれば、それはじつに、我々自身が現在においてもっている理解のなおきわめて不徹底の状態にあること、および我々の今日および今日までの境遇がかの強権を敵としうる境遇の不幸よりもさらにいっそう不幸なものであることをみずから承認するゆえんであるからである。
　今日我々のうち誰でもまず心を鎮（しず）めて、かの強権と我々自身との関係を考えてみるならば、かならずそこに予想外に大きい疎隔（そかく）（不和ではない）の横たわっていることを発見して驚くに違いない。じつにかの日本のすべての女子が、明治新社会の形成をまったく男子の手に委（ゆだ）ねた結果として、過去四十年の間一に男子の奴隷（どれい）として規定、訓練され（法規の上にも、教育の上にも、はたまた実際の家庭の上にも）、しかもそれに満足――すくなくともそれに抗弁する理由を知らずにいるごとく、我々青年もまた同じ理由によって、すべて国家についての問題においては（それが今日の問題であろうと、我々自身の時代たる明日の問題であろうと）、まったく父兄の手に一任しているのである。これ我々自身の希望、もしくは便宜（べんぎ）によるか、父兄の希望、便宜によるか、あるいはまた両者のともに意識せざる他の原因によるかはべつとして、ともかくも以上の状態は事実である。国家ちょう問題が我々の脳裡（のうり）に入ってくるのは、ただそれが我々の個人的利害に関係する時だけである。そうしてそれが過ぎてしまえば、ふたたび他人同志になるのである。

　　　　　二

　むろん思想上の事は、かならずしも特殊の接触、特殊の機会によってのみ発生するものではない。我々青年は誰しもそのある時期において徴兵検査のために非常な危惧（きぐ）を感じている。またすべての青年の権利たる教育がその一部分――富有（ふゆう）なる父兄をもった一部分だけの特権となり、さらにそれが無法なる試験制度のためにさらにまた約三分の一だけに限られている事実や、国民の最大多数の食事を制限している高率の租税（そぜい）の費途（ひと）なども目撃している。およそこれらのごく普通な現象も、我々をしてかの強権に対する自由討究（とうきゅう）を始めしむる動機たる性質はもっているに違いない。しかり、むしろ本来においては我々はすでにすでにその自由討究を始めているべきはずなのである。にもかかわらず実際においては、幸か不幸か我々の理解はまだそこまで進んでいない。そうしてそこには日本人特有のある論理がつねに働いている。
　しかも今日我々が父兄に対して注意せねばならぬ点がそこに存するのである。けだしその論理は我々の父兄の手にある間はその国家を保護し、発達さする最重要の武器なるにかかわらず、一度我々青年の手に移されるに及んで、まったく何人も予期しなかった結論に到達しているのである。「国家は強大でなければならぬ。我々はそれを阻害（そがい）すべき何らの理由ももっていない。ただし我々だけはそれにお手伝いするのはごめんだ！」これじつに今日比較的教養あるほとんどすべての青年が国家と他人たる境遇においてもちうる愛国心の全体ではないか。そうしてこの結論は、特に実業界などに志す一部の青年の間には、さらにいっそう明晰（めいせき）になっている。曰（いわ）く、「国家は帝国主義でもって日に増し強大になっていく。誠にけっこうなことだ。だから我々もよろしくその真似をしなければならぬ。正義だの、人道だのということにはおかまいなしに一生懸命儲（もう）けなければならぬ。国のためなんて考える暇があるものか！」
　かの早くから我々の間に竄入（ざんにゅう）している哲学的虚無主義のごときも、またこの愛国心の一歩だけ進歩したものであることはいうまでもない。それは一見かの強権を敵としているようであるけれども、そうではない。むしろ当然敵とすべき者に服従した結果なのである。彼らはじつにいっさいの人間の活動を白眼をもって見るごとく、強権の存在に対してもまたまったく没交渉なのである――それだけ絶望的なのである。
　かくて魚住氏のいわゆる共通の怨敵（おんてき）が実際において存在しないことは明らかになった。むろんそれは、かの敵が敵たる性質をもっていないということでない。我々がそれを敵にしていないということである。そうしてこの結合（矛盾せる両思想の）は、むしろそういう外部的原因からではなく、じつにこの両思想の対立が認められた最初から今日に至るまでの間、両者がともに敵をもたなかったということに原因しているのである。（後段参照）
　魚住氏はさらに同じ誤謬（ごびゅう）から、自然主義者のある人々がかつてその主義と国家主義との間にある妥協を試みたのを見て、「不徹底」だと咎（とが）めている。私は今論者の心持だけは充分了解することができる。しかしすでに国家が今日まで我々の敵ではなかった以上、また自然主義という言葉の内容たる思想の中心がどこにあるか解らない状態にある以上、何を標準として我々はしかく軽々しく不徹底呼ばわりをすることができよう。そうしてまたその不徹底が、たとい論者のいわゆる自己主張の思想からいっては不徹底であるにしても、自然主義としての不徹底ではかならずしもないのである。
　すべてこれらの誤謬は、論者がすでに自然主義という名に含まるる相矛盾する傾向を指摘しておきながら、なおかつそれに対して厳密なる検覈（けんかく）を加えずにいるところから来ているのである。いっさいの近代的傾向を自然主義という名によって呼ぼうとする笑うべき「ローマ帝国」的妄想（もうそう）から来ているのである。そうしてこの無定見は、じつは、今日自然主義という名を口にするほとんどすべての人の無定見なのである。

　　　　　三

　むろん自然主義の定義は、すくなくとも日本においては、まだきまっていない。したがって我々はおのおのその欲する時、欲するところに勝手にこの名を使用しても、どこからも咎（とが）められる心配はない。しかしそれにしても思慮ある人はそういうことはしないはずである。同じ町内に同じ名の人が五人も十人もあった時、それによって我々の感ずる不便はどれだけであるか。その不便からだけでも、我々は今我々の思想そのものを統一するとともに、またその名にも整理を加える必要があるのである。
　見よ、花袋氏、藤村氏、天渓氏、抱月氏、泡鳴氏、白鳥氏、今は忘られているが風葉氏、青果氏、その他――すべてこれらの人は皆ひとしく自然主義者なのである。そうしてそのおのおのの間には、今日すでにその肩書以外にはほとんどまったく共通した点が見いだしがたいのである。むろん同主義者だからといって、かならずしも同じことを書き、同じことを論じなければならぬという理由はない。それならば我々は、白鳥氏対藤村氏、泡鳴氏対抱月氏のごとく、人生に対する態度までがまったく相違している事実をいかに説明すればよいのであるか。もっともこれらの人の名はすでになかば歴史的に固定しているのであるからしかたがないとしても、我々はさらに、現実暴露（ばくろ）、無解決、平面描写、劃一（かくいつ）線の態度等の言葉によって表わされた科学的、運命論的、静止的、自己否定的の内容が、その後ようやく、第一義慾とか、人生批評とか、主観の権威とか、自然主義中の浪漫的分子とかいう言葉によって表さるる活動的、自己主張的の内容に変ってきたことや、荷風氏が自然主義者によって推讃（すいさん）の辞を贈られたことや、今度また「自己主張の思想としての自然主義」という論文を読まされたことなどを、どういう手続をもって承認すればいいのであるか。それらの矛盾は、ただに一見して矛盾に見えるばかりでなく、見れば見るほどどこまでも矛盾しているのである。かくて今や「自然主義」という言葉は、刻一刻（こくいっこく）に身体も顔も変ってきて、まったく一個のスフィンクスになっている。「自然主義とは何ぞや？　その中心はどこにありや？」かく我々が問を発する時、彼らのうち一人でも起（た）ってそれに答えうる者があるか。否、彼らはいちように起って答えるに違いない、まったくべつべつな答を。
　さらにこの混雑は彼らの間のみに止まらないのである。今日の文壇には彼らのほかにべつに、自然主義者という名を肯（がえん）じない人たちがある。しかしそれらの人たちと彼らとの間にはそもそもどれだけの相違があるのか。一例を挙げるならば、近き過去において自然主義者から攻撃を享（う）けた享楽主義と観照論当時の自然主義との間に、一方がやや贅沢（ぜいたく）で他方がややつつましやかだという以外に、どれだけの間隔があるだろうか。新浪漫主義を唱（とな）える人と主観の苦悶（くもん）を説く自然主義者との心境にどれだけの扞格（かんかく）があるだろうか。淫売屋（いんばいや）から出てくる自然主義者の顔と女郎屋（じょろうや）から出てくる芸術至上主義者の顔とその表れている醜悪（しゅうあく）の表情に何らかの高下があるだろうか。すこし例は違うが、小説「放浪」に描かれたる肉霊合致の全我的活動なるものは、その論理と表象の方法が新しくなったほかに、かつて本能満足主義という名の下に考量されたものとどれだけ違っているだろうか。
　魚住氏はこの一見収攬（しゅうらん）しがたき混乱の状態に対して、きわめて都合のよい解釈を与えている。曰（いわ）く、「この奇なる結合（自己主張の思想とデターミニスチックの思想の）名が自然主義である」と。けだしこれこの状態に対する最も都合のよい、かつ最も気の利（き）いた解釈である。しかし我々は覚悟しなければならぬ。この解釈を承認する上は、さらにある驚くべき大罪を犯（おか）さねばならぬということを。なぜなれば、人間の思想は、それが人間自体に関するものなるかぎり、かならず何らかの意味において自己主張的、自己否定的の二者を出ずることができないのである。すなわち、もし我々が今論者の言を承認すれば、今後永久にいっさいの人間の思想に対して、「自然主義」という冠詞（かんし）をつけて呼ばねばならなくなるのである。
　この論者の誤謬（ごびゅう）は、自然主義発生当時に立帰って考えればいっそう明瞭である。自然主義と称（とな）えらるる自己否定的の傾向は、誰も知るごとく日露戦争以後において初めて徐々に起ってきたものであるにかかわらず、一方はそれよりもずっと以前――十年以前からあったのである。新しき名は新しく起った者に与えらるべきであろうか、はたまたそれと前からあった者との結合に与えらるべきであろうか。そうしてこの結合は、前にもいったごとく、両者とも敵をもたなかった（一方は敵をもつべき性質のものでなく、一方は敵をもっていなかった）ことに起因（きいん）していたのである。べつの見方をすれば、両者の経済的状態の一時的共通（一方は理想をもつべき性質のものではなく、一方は理想を失っていた）に起因しているのである。そうしてさらに詳（くわ）しくいえば、純粋自然主義はじつに反省の形において他の一方から分化したものであったのである。
　かくてこの結合の結果は我々の今日まで見てきたごとくである。初めは両者とも仲よく暮していた。それが、純粋自然主義にあってはたんに見、そして承認するだけの事を、その同棲者（どうせいしゃ）が無遠慮にも、行い、かつ主張せんとするようになって、そこにこの不思議なる夫婦は最初の、そして最終の夫婦喧嘩を始めたのである。実行と観照との問題がそれである。そうしてその論争によって、純粋自然主義がその最初から限定されている劃一線の態度を正確に決定し、その理論上の最後を告げて、ここにこの結合はまったく内部において断絶してしまっているのである。

　　　　　四

　かくて今や我々には、自己主張の強烈な欲求が残っているのみである。自然主義発生当時と同じく、今なお理想を失い、方向を失い、出口を失った状態において、長い間鬱積（うっせき）してきたその自身の力を独りで持余（もてあま）しているのである。すでに断絶している純粋自然主義との結合を今なお意識しかねていることや、その他すべて今日の我々青年がもっている内訌（ないこう）的、自滅的傾向は、この理想喪失（そうしつ）の悲しむべき状態をきわめて明瞭に語っている。――そうしてこれはじつに「時代閉塞（じだいへいそく）」の結果なのである。
　見よ、我々は今どこに我々の進むべき路を見いだしうるか。ここに一人の青年があって教育家たらむとしているとする。彼は教育とは、時代がそのいっさいの所有を提供して次の時代のためにする犠牲だということを知っている。しかも今日においては教育はただその「今日」に必要なる人物を養成するゆえんにすぎない。そうして彼が教育家としてなしうる仕事は、リーダーの一から五までを一生繰返すか、あるいはその他の学科のどれもごく初歩のところを毎日毎日死ぬまで講義するだけの事である。もしそれ以外の事をなさむとすれば、彼はもう教育界にいることができないのである。また一人の青年があって何らか重要なる発明をなさむとしているとする。しかも今日においては、いっさいの発明はじつにいっさいの労力とともにまったく無価値である――資本という不思議な勢力の援助を得ないかぎりは。
　時代閉塞の現状はただにそれら個々の問題に止まらないのである。今日我々の父兄は、だいたいにおいて一般学生の気風が着実になったといって喜んでいる。しかもその着実とはたんに今日の学生のすべてがその在学時代から奉職口（ほうしょくぐち）の心配をしなければならなくなったということではないか。そうしてそう着実になっているにかわらず、毎年何百という官私大学卒業生が、その半分は職を得かねて下宿屋にごろごろしているではないか。しかも彼らはまだまだ幸福なほうである。前にもいったごとく、彼らに何十倍、何百倍する多数の青年は、その教育を享（う）ける権利を中途半端で奪われてしまうではないか。中途半端の教育はその人の一生を中途半端にする。彼らはじつにその生涯の勤勉努力をもってしてもなおかつ三十円以上の月給を取ることが許されないのである。むろん彼らはそれに満足するはずがない。かくて日本には今「遊民」という不思議な階級が漸次（ぜんじ）その数を増しつつある。今やどんな僻村（へきそん）へ行っても三人か五人の中学卒業者がいる。そうして彼らの事業は、じつに、父兄の財産を食い減すこととむだ話をすることだけである。
　我々青年を囲繞（いぎょう）する空気は、今やもうすこしも流動しなくなった。強権の勢力は普（あまね）く国内に行わたっている。現代社会組織はその隅々（すみずみ）まで発達している。――そうしてその発達がもはや完成に近い程度まで進んでいることは、その制度の有する欠陥（けっかん）の日一日明白になっていることによって知ることができる。戦争とか豊作とか饑饉（ききん）とか、すべてある偶然の出来事の発生するでなければ振興する見込のない一般経済界の状態は何を語るか。財産とともに道徳心をも失った貧民と売淫婦（ばいいんふ）との急激なる増加は何を語るか。はたまた今日我邦（わがくに）において、その法律の規定している罪人の数が驚くべき勢いをもって増してきた結果、ついにみすみすその国法の適用を一部において中止せねばならなくなっている事実（微罪不検挙の事実、東京並びに各都市における無数の売淫婦が拘禁（こうきん）する場所がないために半公認の状態にある事実）は何を語るか。
　かくのごとき時代閉塞の現状において、我々のうち最も急進的な人たちが、いかなる方面にその「自己」を主張しているかはすでに読者の知るごとくである。じつに彼らは、抑えても抑えても抑えきれぬ自己その者の圧迫に堪（た）えかねて、彼らの入れられている箱の最も板の薄い処、もしくは空隙（現代社会組織の欠陥）に向ってまったく盲目的に突進している。今日の小説や詩や歌のほとんどすべてが女郎買（じょろうがい）、淫売買、ないし野合（やごう）、姦通（かんつう）の記録であるのはけっして偶然ではない。しかも我々の父兄にはこれを攻撃する権利はないのである。なぜなれば、すべてこれらは国法によって公認、もしくはなかば公認されているところではないか。
　そうしてまた我々の一部は、「未来」を奪われたる現状に対して、不思議なる方法によってその敬意と服従とを表している。元禄時代に対する回顧（かいこ）がそれである。見よ、彼らの亡国的感情が、その祖先が一度遭遇（そうぐう）した時代閉塞の状態に対する同感と思慕とによって、いかに遺憾（いかん）なくその美しさを発揮しているかを。
　かくて今や我々青年は、この自滅の状態から脱出するために、ついにその「敵」の存在を意識しなければならぬ時期に到達しているのである。それは我々の希望やないしその他の理由によるのではない、じつに必至である。我々はいっせいに起ってまずこの時代閉塞（へいそく）の現状に宣戦しなければならぬ。自然主義を捨て、盲目的反抗と元禄の回顧とを罷（や）めて全精神を明日の考察――我々自身の時代に対する組織的考察に傾注（けいちゅう）しなければならぬのである。

　　　　　五

　明日の考察！　これじつに我々が今日においてなすべき唯一である、そうしてまたすべてである。
　その考察が、いかなる方面にいかにして始めらるべきであるか。それはむろん人々各自の自由である。しかしこの際において、我々青年が過去においていかにその「自己」を主張し、いかにそれを失敗してきたかを考えてみれば、だいたいにおいて我々の今後の方向が予測されぬでもない。
　けだし、我々明治の青年が、まったくその父兄の手によって造りだされた明治新社会の完成のために有用な人物となるべく教育されてきた間に、べつに青年自体の権利を認識し、自発的に自己を主張し始めたのは、誰も知るごとく、日清戦争の結果によって国民全体がその国民的自覚の勃興（ぼっこう）を示してから間もなくの事であった。すでに自然主義運動の先蹤（せんしょう）として一部の間に認められているごとく、樗牛（ちょぎゅう）の個人主義がすなわちその第一声であった。（そうしてその際においても、我々はまだかの既成強権に対して第二者たる意識を持ちえなかった。樗牛は後年彼の友人が自然主義と国家的観念との間に妥協を試みたごとく、その日蓮論の中に彼の主義対既成強権の圧制結婚を企てている）
　樗牛の個人主義の破滅の原因は、かの思想それ自身の中にあったことはいうまでもない。すなわち彼には、人間の偉大に関する伝習的迷信がきわめて多量に含まれていたとともに、いっさいの「既成」と青年との間の関係に対する理解がはるかに局限的（日露戦争以前における日本人の精神的活動があらゆる方面において局限的であったごとく）であった。そうしてその思想が魔語のごとく（彼がニイチェを評した言葉を借りていえば）当時の青年を動かしたにもかかわらず、彼が未来の一設計者たるニイチェから分れて、その迷信の偶像を日蓮という過去の人間に発見した時、「未来の権利」たる青年の心は、彼の永眠を待つまでもなく、早くすでに彼を離れ始めたのである。
　この失敗は何を我々に語っているか。いっさいの「既成」をそのままにしておいて、その中に自力をもって我々が我々の天地を新（あらた）に建設するということはまったく不可能だということである。かくて我々は期せずして第二の経験――宗教的欲求の時代に移った。それはその当時においては前者の反動として認められた。個人意識の勃興がおのずからその跳梁（ちょうりょう）に堪えられなくなったのだと批評された。しかしそれは正鵠（せいこく）を得ていない。なぜなればそこにはただ方法と目的の場所との差違があるのみである。自力によって既成の中に自己を主張せんとしたのが、他力によって既成のほかに同じことをなさんとしたまでである。そうしてこの第二の経験もみごとに失敗した。我々は彼の純粋にてかつ美しき感情をもって語られた梁川の異常なる宗教的実験の報告を読んで、その遠神清浄なる心境に対してかぎりなき希求憧憬（ききゅうどうけい）の情を走らせながらも、またつねに、彼が一個の肺病患者であるという事実を忘れなかった。いつからとなく我々の心にまぎれこんでいた「科学」の石の重みは、ついに我々をして九皐（きゅうこう）の天に飛翔（ひしょう）することを許さなかったのである。
　第三の経験はいうまでもなく純粋自然主義との結合時代である。この時代には、前の時代において我々の敵であった科学はかえって我々の味方であった。そうしてこの経験は、前の二つの経験にも増して重大なる教訓を我々に与えている。それはほかではない。「いっさいの美しき理想は皆虚偽（きょぎ）である！」
　かくて我々の今後の方針は、以上三次の経験によってほぼ限定されているのである。すなわち我々の理想はもはや「善」や「美」に対する空想であるわけはない。いっさいの空想を峻拒（しゅんきょ）して、そこに残るただ一つの真実――「必要」！　これじつに我々が未来に向って求むべきいっさいである。我々は今最も厳密に、大胆に、自由に「今日」を研究して、そこに我々自身にとっての「明日」の必要を発見しなければならぬ。必要は最も確実なる理想である。
　さらに、すでに我々が我々の理想を発見した時において、それをいかにしていかなるところに求むべきか。「既成」の内にか。外にか。「既成」をそのままにしてか、しないでか。あるいはまた自力によってか、他力によってか、それはもういうまでもない。今日の我々は過去の我々ではないのである。したがって過去における失敗をふたたびするはずはないのである。
　文学――かの自然主義運動の前半、彼らの「真実」の発見と承認とが、「批評」として刺戟をもっていた時代が過ぎて以来、ようやくただの記述、ただの説話に傾いてきている文学も、かくてまたその眠れる精神が目を覚（さま）してくるのではあるまいか。なぜなれば、我々全青年の心が「明日」を占領した時、その時「今日」のいっさいが初めて最も適切なる批評を享（う）くるからである。時代に没頭（ぼっとう）していては時代を批評することができない。私の文学に求むるところは批評である。



"
3,石川啄木 性急な思想,"



　　　　　　　　一

　最近数年間の文壇及び思想界の動乱は、それにたずさわった多くの人々の心を、著るしく性急（せっかち）にした。意地の悪い言い方をすれば、今日新聞や雑誌の上でよく見受ける「近代的」という言葉の意味は、「性急（せっかち）なる」という事に過ぎないとも言える。同じ見方から、「我々近代人は」というのを「我々性急（せっかち）な者共は」と解した方がその人の言わんとするところの内容を比較的正確にかつ容易に享入（うけい）れ得る場合が少くない。
　人は、自分が従来服従し来（きた）ったところのものに対して或る反抗を起さねばならぬような境地（と私は言いたい。理窟（りくつ）は凡（すべ）て後から生れる者である）に立到り、そしてその反抗を起した場合に、その反抗が自分の反省（実際的には生活の改善）の第一歩であるという事を忘れている事が、往々にして有るものである。言い古した言い方に従えば、建設の為の破壊であるという事を忘れて、破壊の為に破壊している事があるものである。戦争をしている国民が、より多く自国の国力に適合する平和の為という目的を没却して、戦争その物に熱中する態度も、その一つである。そういう心持は、自分自身のその現在に全く没頭しているのであるから、世の中にこれ位性急（せっかち）な（同時に、石鹸玉（しゃぼんだま）のように張りつめた、そして、いきり立った老人の姿勢のように隙だらけな）心持はない。……そういう心持が、善いとも、又、悪いとも言うのではない。が、そういう心持になった際に、当然気が付かなければならないところの、今日の仕事は明日の仕事の土台であるという事――従来の定説（じょうせつ）なり習慣なりに対する反抗は取りも直さず新らしい定説、新らしい習慣を作るが為であるという事に気が付くことが、一日遅ければ一日だけの損だというのである。そしてその損は一人の人間に取っても、一つの時代に取っても、又それが一つの国民である際でも、決して小さい損ではないと言うのである。
　妻を有ちながら、他の女に通ぜねばならなくなった、或（あるい）はそういう事を考えねばならなくなった男があるとする。そして、有妻の男子が他の女と通ずる事を罪悪とし、背倫（はいりん）の行為とし、唾棄（だき）すべき事として秋毫（しゅうごう）寛（ゆる）すなき従来の道徳を、無理であり、苛酷（かこく）であり、自然に背（そむ）くものと感じ、本来男女の関係は全く自由なものであるという原始的事実に論拠して、従来の道徳に何処（どこ）までも服従すべき理由とては無いのだと考えたとする。其処（そこ）までは可（い）い。もしもその際、問題の目的が「然（しか）らば男女関係の上に設くべき、無理でなく、苛酷でなく、自然に背くものでないところの制約はどんなものであらねばならぬか」という事であるのを忘れて了（しま）って、既に従来の道徳は必然服従せねばならぬものでない以上、凡（すべ）ての夫が妻ならぬ女に通じ、凡ての妻が夫ならぬ男に通じても可いものとし、乃至（ないし）は、そうしない夫と妻とを自覚のない状態にあるものとして愍（あわ）れむに至っては、性急（せっかち）もまた甚（はなは）だしいと言わねばならぬ。その結果は、啻（ただ）に道徳上の破産であるのみならず、凡ての男女関係に対する自分自身の安心というものを全く失って了わねば止（や）まない、乃（すなわ）ち、自己その物の破産である。問題が親子の関係である際も同（おなじ）である。

　　　　　　　　二

　右の例は、一部の人々ならば「近代的」という事に縁が遠いと言われるかも知れぬ。そんなら、この処に一人の男（仮令（たとえ）ば詩を作る事を仕事にしている）があって、自分の神経作用が従来の人々よりも一層鋭敏になっている事に気が付き、そして又、それが近代の人間の一つの特質である事を知り、自分もそれらの人々と共に近代文明に醸（かも）されたところの不健康（には違いない）な状態にあるものだと認めたとする。それまでは可い。もしもその際に、近代人の資格は神経の鋭敏という事であると速了（そくりょう）して、あたかも入学試験の及第者が喜び勇んで及第者の群に投ずるような気持で、（その実落第者でありながら。――及第者も落第者も共に受験者である如く、神経組織の健全な人間も不健全な人間も共に近代の人間には違いない）その不健全を恃（たの）み、かつ誇り、更に、その不健全な状態を昂進（こうしん）すべき色々の手段を採って得意になるとしたら、どうであろう。その結果は言うまでもない。もし又、そうしなければ所謂（いわゆる）「新らしい詩」「新らしい文学」は生れぬものとすれば、そういう詩、そういう文学は、我々――少くとも私のように、健康と長寿とを欲し、自己及自己の生活（人間及人間の生活）を出来るだけ改善しようとしている者に取っては、無暗（むやみ）に強烈な酒、路上ででも交接を遂げたそうな顔をしている女、などと共に、全然不必要なものでなければならぬ。時代の弱点を共有しているという事は、如何なる場合の如何なる意味に於ても、かつ如何なる人に取っても決して名誉ではない。
　性急（せっかち）な心！　その性急な心は、或は特に日本人に於て著るしい性癖の一つではあるまいか、と私は考える事もある。古い事を言えば、あの武士道というものも、古来の迷信家の苦行と共に世界中で最も性急な道徳であるとも言えば言える。……日本はその国家組織の根底の堅く、かつ深い点に於て、何（いず）れの国にも優（まさ）っている国である。従って、もしも此処（ここ）に真に国家と個人との関係に就いて真面目（しんめんぼく）に疑惑を懐（いだ）いた人があるとするならば、その人の疑惑乃至（ないし）反抗は、同じ疑惑を懐いた何れの国の人よりも深く、強く、痛切でなければならぬ筈（はず）である。そして、輓近（ばんきん）一部の日本人によって起されたところの自然主義の運動なるものは、旧道徳、旧思想、旧習慣のすべてに対して反抗を試みたと全く同じ理由に於て、この国家という既定の権力に対しても、その懐疑の鉾尖（ほこさき）を向けねばならぬ性質のものであった。然し我々は、何をその人達から聞き得たであろう。其処（そこ）にもまた、呪（のろ）うべく愍（あわ）れむべき性急な心が頭を擡（もた）げて、深く、強く、痛切なるべき考察を回避し、早く既に、あたかも夫に忠実なる妻、妻に忠実なる夫を笑い、神経の過敏でないところの人を笑うと同じ態度を以て、国家というものに就いて真面目に考えている人を笑うような傾向が、或る種類の青年の間に風（ふう）を成しているような事はないか。少くとも、そういう実際の社会生活上の問題を云々（うんぬん）しない事を以て、忠実なる文芸家、溌溂（はつらつ）たる近代人の面目であるというように見せている、或いは見ている人はないか。実際上の問題を軽蔑（けいべつ）する事を近代の虚無的傾向であるというように速了している人はないか。有る――少くとも、我々をしてそういう風に疑わしめるような傾向が、現代の或る一隅に確（たしか）に有ると私は思う。

　　　　　　　　三

　性急な心は、目的を失った心である。この山の頂きからあの山の頂きに行かんとして、当然経ねばならぬところの路（みち）を踏まずに、一足飛びに、足を地から離した心である。危い事この上もない。目的を失った心は、その人の生活の意義を破産せしめるものである。人生の問題を考察するという人にして、もしも自分自身の生活の内容を成しているところの実際上の諸問題を軽蔑し、自己その物を軽蔑するものでなければならぬ。自己を軽蔑する人、地から足を離している人が、人生について考えるというそれ自体が既に矛盾であり、滑稽（こっけい）であり、かつ悲惨である。我々は何をそういう人々から聞き得るであろうか。安価なる告白とか、空想上の懐疑とかいう批評のある所以（ゆえん）である。
　田中喜一氏は、そういう現代人の性急（せっかち）なる心を見て、極（きわ）めて恐るべき笑い方をした。曰（いわ）く、「あらゆる行為の根底であり、あらゆる思索の方針である智識を有せざる彼等文芸家が、少しでも事を論じようとすると、観察の錯誤と、推理の矛盾と重畳（ちょうじょう）百出（ひゃくしゅつ）するのであるが、これが原因を繹（たず）ねると、つまり二つに帰する。その一つは彼等が一時の状態を永久の傾向であると見ることであり、もう一つは局部の側相（そくしょう）を全体の本質と考えることである」
　自己を軽蔑する心、足を地から離した心、時代の弱所を共有することを誇りとする心、そういう性急な心をもしも「近代的」というものであったならば、否、所謂（いわゆる）「近代人」はそういう心を持っているものならぱ、我々は寧（むし）ろ退いて、自分がそれ等の人々よりより多く「非近代的」である事を恃（たの）み、かつ誇るべきである。そうして、最も性急（せっかち）ならざる心を以て、出来るだけ早く自己の生活その物を改善し、統一し徹底すべきところの努力に従うべきである。
　我々日本人が、最近四十年間の新らしい経験から惹（ひ）き起されたところの反省は、あらゆる意味に於て、まだ浅い。
　もしも又、私が此処（ここ）に指摘したような性急な結論乃至告白を口にし、筆にしながら、一方に於て自分の生活を改善するところの何等かの努力を営み――仮令（たとえ）ば、頽廃的（デカダン）という事を口に讃美しながら、自分の脳神経の不健康を患（うれ）うて鼻の療治をし、夫婦関係が無意義であると言いながら家庭の事情を緩和すべき或る努力をし、そしてその矛盾に近代人の悲しみ、苦しみ、乃至絶望があるとしている人があるならば、その人の場合に於て「近代的」という事は虚偽である。我々は、そういう人も何時かはその二重の生活を統一し、徹底しようとする要求に出会うものと信じて、何処（どこ）までも将来の日本人の生活についての信念を力強く把持（はじ）して行くべきであると思う。



"
4,石川啄木 初めて見たる小樽,"



　新らしき声のもはや響かずなった時、人はその中から法則なるものを択（えら）び出（い）ず。されば階級といい習慣といういっさいの社会的法則の形成せられたる時は、すなわちその社会にもはや新らしき声の死んだ時、人がいたずらに過去と現在とに心を残して、新らしき未来を忘るるの時、保守と執着と老人とが夜の梟（ふくろう）のごとく跋扈（ばっこ）して、いっさいの生命がその新らしき希望と活動とを抑制せらるる時である。人性本然の向上的意力が、かくのごとき休止の状態に陥ることいよいよ深くいよいよ動かすべからずなった時、人はこの社会を称して文明の域に達したという。一史家が鉄のごとき断案を下して、「文明は保守的なり」といったのは、よく這般（しゃはん）のいわゆる文明を冷評しつくして、ほとんど余地を残さぬ。
　予は今ここに文明の意義と特質を論議せむとする者ではないが、もし叙上のごとき状態をもって真の文明と称するものとすれば、すべての人の誇りとするその「文明」なるものは、けっしてありがたいものではない。人は誰しも自由を欲するものである。服従と自己抑制とは時として人間の美徳であるけれども、人生を司配すること、この自由に対する慾望ばかり強くして大なるはない。歴史とは大人物の伝記のみとカーライルの喝破（かっぱ）した言にいくぶんなりともその理を認むる者は、かの慾望の偉大なる権威とその壮厳なる勝利とを否定し去ることはとうていできぬであろう。自由に対する慾望とは、啻（ただ）に政治上または経済上の束縛（そくばく）から個人の意志を解放せむとするばかりでなく、自己みずからの世界を自己みずからの力によって創造し、開拓し、司配せんとする慾望である。我みずから我が王たらんとし、我がいっさいの能力を我みずから使用せんとする慾望である。人によりて強弱あり、大小はあるが、この慾望の最も熾（さか）んな者はすなわち天才である。天才とは畢竟（ひっきょう）創造力の意にほかならぬ。世界の歴史はようするに、この自主創造の猛烈な個人的慾望の、変化極りなき消長を語るものであるのだ。嘘と思うなら、かりにいっさいの天才英雄を歴史の上から抹殺（まっさつ）してみよ。残るところはただ醜き平凡なる、とても吾人の想像にすらたゆべからざる死骸（しがい）のみではないか。
　自由に対する慾望は、しかしながら、すでに煩多（はんた）なる死法則を形成した保守的社会にありては、つねに蛇蠍（だかつ）のごとく嫌われ、悪魔のごとく恐れらるる。これ他なし、幾十年もしくは幾百年幾千年の因襲的（いんしゅうてき）法則をもって個人の権能を束縛する社会に対して、我と我が天地を造らむとする人は、勢いまず奮闘（ふんとう）の態度を採（と）り侵略の行動に出なければならぬ。四囲の抑制ようやく烈しきにしたがってはついにこれに反逆し破壊するの挙に出る。階級といい習慣といい社会道徳という、我が作れる縄に縛られ、我が作れる狭き獄室に惰眠（だみん）を貪（むさぼ）る徒輩（とはい）は、ここにおいて狼狽（ろうばい）し、奮激（ふんげき）し、あらん限りの手段をもって、血眼（ちまなこ）になって、我が勇敢なる侵略者を迫害する。かくて人生は永劫（えいごう）の戦場である。個人が社会と戦い、青年が老人と戦い、進取と自由が保守と執着に組みつき、新らしき者が旧き者と鎬（しのぎ）を削（けず）る。勝つ者は青史の天に星と化して、芳（かん）ばしき天才の輝きが万世に光被（こうひ）する。敗れて地に塗（まみ）れた者は、尽きざる恨みを残して、長しなえに有情の人を泣かしめる。勝つ者はすくなく、敗るる者は多い。
　ここにおいて、精神界と物質界とを問わず、若き生命の活火を胸に燃した無数の風雲児（ふううんじ）は、相率（ひき）いて無人の境に入り、我みずからの新らしき歴史を我みずからの力によって建設せんとする。植民的精神と新開地的趣味とは、かくて驚くべき勢力を人生に植えつけている。
　見よ、ヨーロッパが暗黒時代（ダアクエージ）の深き眠りから醒（さ）めて以来、幾十万の勇敢なる風雲児が、いかに男らしき遠征をアメリカアフリカ濠州および我がアジアの大部分に向って試みたかを。また見よ、北の方なる蝦夷（えぞ）の島辺、すなわちこの北海道が、いかにいくたの風雲児を内地から吸収して、今日あるに到ったかを。
　我が北海道は、じつに、我々日本人のために開かれた自由の国土である。劫初（ごうしょ）以来人の足跡つかぬ白雲落日の山、千古斧入らぬ蓊鬱（おううつ）の大森林、広漠（こうばく）としてロシアの田園を偲（しの）ばしむる大原野、魚族群って白く泡立つ無限の海、ああこの大陸的な未開の天地は、いかに雄心勃々（ゆうしんぼつぼつ）たる天下の自由児を動かしたであろう。彼らは皆その住み慣れた祖先墳墓（ふんぼ）の地を捨てて、勇ましくも津軽の海の速潮を乗りきった。
　予もまた今年の五月の初め、漂然（ひょうぜん）として春まだ浅き北海の客となった一人である。年若く身は痩（や）せて心のままに風と来り風と去る漂遊の児であれば、もとより一攫千金（いっかくせんきん）を夢みてきたのではない。予はただこの北海の天地に充満する自由の空気を呼吸せんがために、津軽の海を越えた。自由の空気！　自由の空気さえ吸えば、身はたとえ枯野の草に犬のごとく寝るとしても、空長しなえに蒼（あお）く高くかぎりなく、自分においていささかの遺憾（いかん）もないのである。
　初めて杖を留めた凾館（はこだて）は、北海の咽喉（のど）といわれて、内地の人は函館を見ただけですでに北海道そのものを見てしまったように考えているが、内地に近いだけそれだけほとんど内地的である。新開地の北海道で内地的といえば、説明するまでもなく種々の死法則のようやく整頓（せいとん）されつつあることである。青柳町の百二十余日、予はついに満足を感ずることができなかった。
　八月二十五日夜の大火は、函館における背自然の悪徳を残らず焼き払った天の火である。予は新たに建てらるべき第二の函館のために祝福して、秋風とともに焼跡を見捨てた。
　札幌に入って、予は初めて真の北海道趣味を味うことができた。日本一の大原野の一角、木立の中の家疎（まばら）に、幅広き街路に草生（は）えて、牛が啼く、馬が走る、自然も人間もどことなく鷹揚（おうよう）でゆったりして、道をゆくにも内地の都会風なせせこましい歩きぶりをしない。秋風が朝から晩まで吹いて、見るもの聞くもの皆おおいなる田舎町の趣きがある。しめやかなる恋のたくさんありそうな都、詩人の住むべき都と思うて、予はかぎりなく喜んだのであった。
　しかし札幌にまだ一つ足らないものがある、それはほかでもない。生命の続く限りの男らしい活動である。二週日にして予は札幌を去った。札幌を去って小樽（おたる）に来た。小樽に来て初めて真に新開地的な、真に植民的精神の溢（あふ）るる男らしい活動を見た。男らしい活動が風を起す、その風がすなわち自由の空気である。
　内地の大都会の人は、落し物でも探すように眼をキョロつかせて、せせこましく歩く。焼け失（う）せた函館の人もこの卑い根性を真似ていた。札幌の人はあたりの大陸的な風物の静けさに圧せられて、やはり静かにゆったりと歩く。小樽の人はそうでない、路上の落し物を拾うよりは、モット大きい物を拾おうとする。あたりの風物に圧せらるるには、あまりに反撥心の強い活動力をもっている。されば小樽の人の歩くのは歩くのでない、突貫（とっかん）するのである。日本の歩兵は突貫で勝つ、しかし軍隊の突貫は最後の一機にだけやる。朝から晩まで突貫する小樽人ほど恐るべきものはない。
　小樽の活動を数字的に説明して他と比較することはなかなか面倒である。かつ今予はそんな必要を感じないのだから、手取早くただ男らしい活動の都府とだけ呼ぶ。この活動の都府の道路は人もいうごとく日本一の悪道路である。善悪にかかわらず日本一と名のつくのが、すでに男らしいことではないか。かつ他日この悪道路が改善せられて市街が整頓（せいとん）するとともに、他の不必要な整頓――階級とか習慣とかいう死法則まで整頓するのかと思えば、予は一年に十足二十足の下駄をよけいに買わねばならぬとしても、未来永劫（みらいえいごう）小樽の道路が日本一であってもらいたい。
　北海道人、特に小樽人の特色は何であるかと問われたなら、予は躊躇（ちゅうちょ）もなく答える。曰（いわ）く、執着心のないことだと。執着心がないからして都府としての公共的な事業が発達しないとケナス人もあるが、予は、この一事ならずんばさらに他の一事、この地にてなし能（あた）わずんばさらにかの地に行くというような、いわば天下を家として随所に青山あるを信ずる北海人の気魄（きはく）を、双手（もろて）を挙げて讃美する者である。自由と活動と、この二つさえあれば、べつに刺身や焼肴（やきざかな）を注文しなくとも飯は食えるのだ。
　予はあくまでも風のごとき漂泊者である。天下の流浪人である。小樽人とともに朝から晩まで突貫し、小樽人とともに根限りの活動をすることは、足の弱い予にとうていできぬことである。予はただこの自由と活動の小樽に来て、目に強烈な活動の海の色を見、耳に壮快なる活動の進行曲（マーチ）を聞いて、心のままに筆を動かせば満足なのである。世界貿易の中心点が太平洋に移ってきて、かつて戈（ほこ）を交えた日露両国の商業的関係が、日本海を斜めに小樽対ウラジオの一線上に集注し来らむとする時、予がはからずもこの小樽の人となって日本一の悪道路を駆け廻る身となったのは、予にとって何という理由なしにただ気持がいいのである。



"
5,石川啄木 弓町より,"



　　　食うべき詩

　詩というものについて、私はずいぶん長い間迷うてきた。
　ただに詩についてばかりではない。私の今日まで歩いてきた路は、ちょうど手に持っている蝋燭（ろうそく）の蝋のみるみる減っていくように、生活というものの威力のために自分の「青春」の日一日に減らされてきた路筋である。その時その時の自分を弁護するためにいろいろの理窟を考えだしてみても、それが、いつでも翌る日の自分を満足させなかった。蝋は減りつくした。火が消えた。幾十日の間、黒闇（くらやみ）の中に体を投げだしていたような状態が過ぎた。やがてその暗の中に、自分の眼の暗さに慣れてくるのをじっと待っているような状態も過ぎた。
　そうして今、まったく異なった心持から、自分の経てきた道筋を考えると、そこにいろいろいいたいことがあるように思われる。
　　　　〜〜〜〜〜〜〜〜〜〜〜〜〜〜〜〜〜
　以前、私も詩を作っていたことがある。十七八のころから二三年の間である。そのころ私には、詩のほかに何ものもなかった。朝から晩まで何とも知れぬものにあこがれている心持は、ただ詩を作るということによっていくぶん発表の路を得ていた。そうしてその心持のほかに私は何ももっていなかった。――そのころの詩というものは、誰も知るように、空想と幼稚な音楽と、それから微弱な宗教的要素（ないしはそれに類した要素）のほかには、因襲的な感情のあるばかりであった。自分でそのころの詩作上の態度を振返ってみて、一ついいたいことがある。それは、実感を詩に歌うまでには、ずいぶん煩瑣（はんさ）な手続を要したということである。たとえば、ちょっとした空地に高さ一丈ぐらいの木が立っていて、それに日があたっているのを見てある感じを得たとすれば、空地を広野にし、木を大木にし、日を朝日か夕日にし、のみならず、それを見た自分自身を、詩人にし、旅人にし、若き愁（うれ）いある人にした上でなければ、その感じが当時の詩の調子に合わず、また自分でも満足することができなかった。
　　　　〜〜〜〜〜〜〜〜〜〜〜〜〜〜〜〜〜
　二三年経った。私がその手続にだんだん慣れてきた時は、同時に私がそんな手続を煩（わずら）わしく思うようになった時であった。そうしてそのころのいわゆる「興（きょう）の湧いた時」には書けなくって、かえって自分で自分を軽蔑（けいべつ）するような心持の時か、雑誌の締切という実際上の事情に迫られた時でなければ、詩が作れぬというような奇妙なことになってしまった。月末になるとよく詩ができた。それは、月末になると自分を軽蔑せねばならぬような事情が私にあったからである。
　そうして「詩人」とか「天才」とか、そのころの青年をわけもなく酔わしめた揮発性（きはつせい）の言葉が、いつの間にか私を酔わしめなくなった。恋の醒めぎわのような空虚の感が、自分で自分を考える時はもちろん、詩作上の先輩に逢い、もしくはその人たちの作を読む時にも、始終私を離れなかった。それがその時の私の悲しみであった。そうしてその時は、私が詩作上に慣用した空想化の手続が、私のあらゆることに対する態度を侵していた時であった。空想化することなしには何事も考えられぬようになっていた。
　象徴詩という言葉が、そのころ初めて日本の詩壇に伝えられた。私も「吾々の詩はこのままではいけぬ」とは漠然とながら思っていたが、しかしその新らしい輸入物に対しては「一時の借物」という感じがついて廻った。
　そんならどうすればいいか？　その問題をまじめに考えるには、いろいろの意味から私の素養が足らなかった。のみならず、詩作その事に対する漠然たる空虚の感が、私が心をその一処に集注することを妨げた。もっとも、そのころ私の考えていた「詩」と、現在考えている「詩」とは非常に違ったものであるのはむろんである。
　二十歳の時、私の境遇には非常な変動が起った。郷里（くに）に帰るということと結婚という事件とともに、何の財産なき一家の糊口（ここう）の責任というものが一時に私の上に落ちてきた。そうして私は、その変動に対して何の方針もきめることができなかった。およそその後今日までに私の享（う）けた苦痛というものは、すべての空想家――責任に対する極度の卑怯者（ひきょうもの）の、当然一度は受けねばならぬ性質のものであった。そうしてことに私のように、詩を作るということとそれに関聯した憐（あわ）れなプライドのほかには、何の技能ももっていない者においていっそう強く享（う）けねばならぬものであった。
　　　　〜〜〜〜〜〜〜〜〜〜〜〜〜〜〜〜〜
　詩を書いていた時分に対する回想は、未練から哀傷（あいしょう）となり、哀傷から自嘲（じちょう）となった。人の詩を読む興味もまったく失われた。眼を瞑（ねぶ）ったようなつもりで生活というものの中へ深入りしていく気持は、時としてちょうど痒（かゆ）い腫物（はれもの）を自分でメスを執（と）って切開するような快感を伴うこともあった。また時として登りかけた坂から、腰に縄（なわ）をつけられて後ざまに引き下（おろ）されるようにも思われた。そうして、一つ処にいてだんだんそこから動かれなくなるような気がしてくると、私はほとんど何の理由なしに自分で自分の境遇そのものに非常な力を出して反抗を企てた。その反抗はつねに私に不利な結果を齎（もたら）した。郷里（くに）から函館（はこだて）へ、函館から札幌（さっぽろ）へ、札幌から小樽（おたる）へ、小樽から釧路（くしろ）へ――私はそういう風に食を需（もと）めて流れ歩いた。いつしか詩と私とは他人同志のようになっていた。たまたま以前私の書いた詩を読んだという人に逢って昔の話をされると、かつていっしょに放蕩（ほうとう）をした友だちに昔の女の話をされると同じ種類の不快な感じが起った。生活の味いは、それだけ私を変化させた。「――新体詩人です」といって、私を釧路の新聞に伴れていった温厚（おんこう）な老政治家が、ある人に私を紹介した。私はその時ほど烈しく、人の好意から侮蔑を感じたことはなかった。
　思想と文学との両分野に跨（またが）って起った著明な新らしい運動の声は、食を求めて北へ北へと走っていく私の耳にも響かずにはいなかった。空想文学に対する倦厭（けんえん）の情と、実生活から獲（え）た多少の経験とは、やがて私しにもその新らしい運動の精神を享入（うけい）れることを得しめた。遠くから眺めていると、自分の脱けだしてきた家に火事が起って、みるみる燃え上がるのを、暗い山の上から瞰下（みおろ）すような心持があった。今思ってもその心持が忘られない。
　詩が内容の上にも形式の上にも長い間の因襲を蝉脱（せんだつ）して自由を求め、用語を現代日常の言葉から選ぼうとした新らしい努力に対しても、むろん私は反対すべき何の理由ももたなかった。「むろんそうあるべきである」そう私は心に思った。しかしそれを口に出しては誰にもいいたくなかった。いうにしても、「しかし詩には本来ある制約がある。詩が真の自由を得た時は、それがまったく散文になってしまった時でなければならぬ」というようなことをいった。私は自分の閲歴（えつれき）の上から、どうしても詩の将来を有望なものとは考えたくなかった。たまたまそれらの新運動にたずさわっている人々の作を、時おり手にする雑誌の上で読んでは、その詩の拙（つたな）いことを心ひそかに喜んでいた。
　散文の自由の国土！　何を書こうというきまったことはなくとも、漠然とそういう考えをもって、私は始終東京の空を恋しがっていた。
　　　　　○
　釧路は寒い処であった。しかり、ただ寒い処であった。時は一月末、雪と氷に埋もれて、川さえおおかた姿を隠した北海道を西から東に横断して、着てみると、華氏（かし）零下二十―三十度という空気も凍（いて）たような朝が毎日続いた。氷った天、氷った土。一夜の暴風雪に家々の軒のまったく塞（ふさが）った様（さま）も見た。広く寒い港内にはどこからともなく流氷が集ってきて、何日も何日も、船も動かず波も立たぬ日があった。私は生れて初めて酒を飲んだ。
　ついに、あの生活の根調のあからさまに露出した北方植民地の人情は、はなはだしく私の弱い心を傷づけた。
　四百トン足らずの襤褸（ぼろ）船に乗って、私は釧路の港を出た。そうして東京に帰ってきた。
　帰ってきた私は以前の私でなかったごとく、東京もまた以前の東京ではなかった。帰ってきて私はまず、新らしい運動に同情を持っていない人の意外に多いのを見て驚いた。というよりは、一種の哀傷の念に打たれた。私は退いて考えてみた。しかし私が雪の中から抱いてきた考えは、漠然とした幼稚なものではあったが、間違っているとは思えなかった。そうしてその人たちの態度には、ちょうど私自身が口語詩の試みに対して持った心持に類似点があるのを発見した時、卒然として私は自分自身の卑怯（ひきょう）に烈しい反感を感じた。この反感の反感から、私は、まだ未成品であったためにいろいろの批議を免（まぬが）れなかった口語詩に対して、人以上に同情をもつようになった。
　しかしそのために、熱心にそれら新しい詩人の作を読むようになったのではなかった。それらの人々に同情するということは、畢竟（ひっきょう）私自身の自己革命の一部分であったにすぎない。もちろん自分がそういう詩を作ろうという気持になったこともなかった。「僕も口語詩を作る」といったようなことは幾度もいった。しかしそういう時は、「もし詩を作るなら」という前提を心に置いた時か、でなくば口語詩に対して極端な反感を抱いている人に逢った時かであった。
　　　　〜〜〜〜〜〜〜〜〜〜〜〜〜〜〜〜〜
　その間に、私は四五百首の短歌を作った。短歌！　あの短歌を作るということは、いうまでもなく叙上の心持と齟齬（そご）している。
　しかしそれにはまたそれ相応の理由があった。私は小説を書きたかった。否、書くつもりであった。また実際書いてもみた。そうしてついに書けなかった。その時、ちょうど夫婦喧嘩（げんか）をして妻に敗けた夫が、理由もなく子供を叱（しか）ったり虐（いじ）めたりするような一種の快感を、私は勝手気儘（かってきまま）に短歌という一つの詩形を虐使することに発見した。
　　　　〜〜〜〜〜〜〜〜〜〜〜〜〜〜〜〜〜
　やがて、一年間の苦しい努力のまったく空（むな）しかったことを認めねばならぬ日が来た。
　自分で自分を自殺しうる男とはどうしても信じかねながら、もし万一死ぬことができたなら……というようなことを考えて、あの森川町の下宿屋の一室で、友人の剃刀（かみそり）を持ってきて夜半ひそかに幾度となく胸にあててみた……ような日が二月も三月も続いた。
　そうしてるうちに、一時脱れていた重い責任が、否応（いやおう）なしにふたたび私の肩に懸（かか）ってきた。
　いろいろの事件が相ついで起った。
「ついにドン底に落ちた」こういう言葉を心の底からいわねばならぬようなことになった。
　と同時に、ふと、今まで笑っていたような事柄が、すべて、きゅうに、笑うことができなくなったような心持になった。
　　　　〜〜〜〜〜〜〜〜〜〜〜〜〜〜〜〜〜
　そうしてこの現在の心持は、新らしい詩の真の精神を、初めて私に味わせた。
「食（くら）うべき詩」とは電車の車内広告でよく見た「食うべきビール」という言葉から思いついて、かりに名づけたまでである。
　謂（い）う心は、両足を地面（じべた）に喰っつけていて歌う詩ということである。実人生と何らの間隔なき心持をもって歌う詩ということである。珍味ないしはご馳走ではなく、我々の日常の食事の香の物のごとく、しかく我々に「必要」な詩ということである。――こういうことは詩を既定のある地位から引下すことであるかもしれないが、私からいえば我々の生活にあってもなくても何の増減のなかった詩を、必要な物の一つにするゆえんである。詩の存在の理由を肯定するただ一つの途（みち）である。
　以上のいい方はあまり大雑駁（おおざっぱ）ではあるが、二三年来の詩壇の新らしい運動の精神は、かならずここにあったと思う。否、あらねばならぬと思う。かく私のいうのは、それらの新運動にたずさわった人たちが二三年前に感じたことを、私は今始めて切実に感じたのだということを承認するものである。
　　　　〜〜〜〜〜〜〜〜〜〜〜〜〜〜〜〜〜
　新らしい詩の試みが今までに受けた批評について、二つ三ついってみたい。
「なりとであるもしくはだの相違にすぎない」という人があった。それは日本の国語がまだ語格までも変るほどには変遷（へんせん）していないということを指摘したにすぎなかった。
　人の素養と趣味とは人によって違う。ある内容を表出せんとするにあたって、文語によると口語によるとは詩人の自由である。詩人はただ自己の最も便利とする言葉によって歌うべきである。という議論があった。いちおうもっともな議論である。しかし我々が「淋しい」と感ずる時に、「ああ淋しい」と感ずるのであろうか、はたまた「あな淋し」と感ずるであろうか。「ああ淋しい」と感じたことを「あな淋し」といわねば満足されぬ心には徹底と統一が欠けている。大きくいえば、判断＝実行＝責任というその責任を回避する心から判断をごまかしておく状態である。趣味という語は、全人格の感情的傾向という意味でなければならぬのだが、おうおうにして、その判断をごまかした状態の事のように用いられている。そういう趣味ならば、すくなくとも私にとっては極力排斥（はいせき）すべき趣味である。一事は万事である。「ああ淋しい」を「あな淋し」といわねば満足されぬ心には、無用の手続があり、回避があり、ごまかしがある。それらは一種の卑怯（ひきょう）でなければならぬ。「趣味の相違だからしかたがない」とは人のよくいうところであるが、それは「いったとてお前に解りそうにないからもういわぬ」という意味でないかぎり、卑劣極まったいい方といわねばならぬ。我々は今まで議論以外もしくは以上の事として取扱われていた「趣味」というものに対して、もっと厳粛（げんしゅく）な態度をもたねばならぬ。
　すこし別なことではあるが、先ごろ青山学院で監督か何かしていたある外国婦人が死んだ。その婦人は三十何年間日本にいて、平安朝文学に関する造詣（ぞうけい）深く、平生日本人に対しては自由に雅語（がご）を駆使（くし）して応対したということである。しかし、その事はけっしてその婦人がよく日本を了解（りょうかい）していたという証拠にはならぬではなかろうか。

　詩は古典的でなければならぬとは思わぬけれども、現在の日常語は詩語としてはあまりに蕪雑（ぶざつ）である、混乱している、洗練されていない。という議論があった。これは比較的有力な議論であった。しかしこの議論には、詩そのものを高価なる装飾品のごとく、詩人を普通人以上、もしくは以外のごとく考え、または取扱おうとする根本の誤謬（ごびゅう）が潜（ひそ）んでいる。同時に、「現代の日本人の感情は、詩とするにはあまりに蕪雑である、混乱している、洗練されていない」という自滅（じめつ）的の論理を含んでいる。
　新らしい詩に対する比較的まじめな批評は、主としてその用語と形式とについてであった。しからずんば不謹慎（ふきんしん）な冷笑であった。ただそれら現代語の詩に不満足な人たちに通じて、有力な反対の理由としたものが一つある。それは口語詩の内容が貧弱であるということであった。
　しかしその事はもはやかれこれいうべき時期を過ぎた。
　　　　〜〜〜〜〜〜〜〜〜〜〜〜〜〜〜〜〜
　とにもかくにも、明治四十年代以後の詩は、明治四十年代以後の言葉で書かれねばならぬということは、詩語としての適不適、表白の便不便の問題ではなくて、新らしい詩の精神、すなわち時代の精神の必要であった。私は最近数年間の自然主義の運動を、明治の日本人が四十年間の生活から編みだした最初の哲学の萌芽であると思う。そうしてそれがすべての方面に実行を伴っていたことを多とする。哲学の実行という以外に我々の生存には意義がない。詩がその時代の言語を採用したということも、その尊い実行の一部であったと私は見る。
　　　　〜〜〜〜〜〜〜〜〜〜〜〜〜〜〜〜〜
　むろん、用語の問題は詩の革命の全体ではない。
　そんなら（一）将来の詩はどういうものでなければならぬか。（二）現在の諸詩人の作に私は満足するか。（三）そもそも詩人とは何ぞ。
　便宜上私は、まず第三の問題についていおうと思う。最も手取早（てっとりばや）くいえば私は詩人という特殊なる人間の存在を否定する。詩を書く人を他の人が詩人と呼ぶのは差支（さしつかえ）ないが、その当人が自分は詩人であると思ってはいけない、いけないといっては妥当（だとう）を欠くかもしれないが、そう思うことによってその人の書く詩は堕落（だらく）する……我々に不必要なものになる。詩人たる資格は三つある。詩人はまず第一に「人」でなければならぬ。第二に「人」でなければならぬ。第三に「人」でなければならぬ。そうしてじつに普通人のもっているすべての物をもっているところの人でなければならぬ。
　いい方がだいぶ混乱したが、一括（かつ）すれば、今までの詩人のように直接詩と関係のない事物に対しては、興味も熱心も希望ももっていない――餓（う）えたる犬の食を求むるごとくにただただ詩を求め探している詩人は極力排斥（はいせき）すべきである。意志薄弱なる空想家、自己および自己の生活を厳粛（げんしゅく）なる理性の判断から回避している卑怯者、劣敗者の心を筆にし口にしてわずかに慰めている臆病者、暇ある時に玩具（おもちゃ）を弄（もてあそ）ぶような心をもって詩を書きかつ読むいわゆる愛詩家、および自己の神経組織の不健全なことを心に誇る偽患者（にせかんじゃ）、ないしはそれらの模倣者（もほうしゃ）等、すべて詩のために詩を書く種類の詩人は極力排斥すべきである。むろん詩を書くということは何人にあっても「天職」であるべき理由がない。「我は詩人なり」という不必要な自覚が、いかに従来の詩を堕落せしめたか。「我は文学者なり」という不必要な自覚が、いかに現在において現在の文学を我々の必要から遠ざからしめつつあるか。
　すなわち真の詩人とは、自己を改善し自己の哲学を実行せんとするに政治家のごとき勇気を有し、自己の生活を統一するに実業家のごとき熱心を有し、そうしてつねに科学者のごとき明敏なる判断と野蛮人（やばんじん）のごとき卒直なる態度をもって、自己の心に起りくる時々刻々の変化を、飾らず偽らず、きわめて平気に正直に記載（きさい）し報告するところの人でなければならぬ。
　記載報告ということは文芸の職分の全部でないことは、植物の採集分類が植物学の全部でないと同じである。しかしここではそれ以上の事は論ずる必要がない。ともかく前いったような「人」が前いったような態度で書いたところの詩でなければ、私は言下（げんか）に「すくなくとも私には不必要だ」ということができる。そうして将来の詩人には、従来の詩に関する知識ないし詩論は何の用をもなさない。――たとえば詩（抒情詩）はすべての芸術中最も純粋なものであるという。ある時期の詩人はそういう言をもって自分の仕事を恥かしくないものにしようと努めたものだ。しかし詩はすべての芸術中最も純粋なものだということは、蒸溜水（じょうりゅうすい）は水の中で最も純粋なものだというと同じく、性質の説明にはなるかもしれぬが、価値必要の有無の標準にはならない。将来の詩人はけっしてそういうことをいうべきでない。同時に詩および詩人に対する理由なき優待をおのずから峻拒（しゅんきょ）すべきである。いっさいの文芸は、他のいっさいのものと同じく、我らにとってはある意味において自己および自己の生活の手段であり方法である。詩を尊貴なものとするのは一種の偶像崇拝（ぐうぞうすうはい）である。
　　　　〜〜〜〜〜〜〜〜〜〜〜〜〜〜〜〜〜
　詩はいわゆる詩であってはいけない。人間の感情生活（もっと適当な言葉もあろうと思うが）の変化の厳密なる報告、正直なる日記でなければならぬ。したがって断片的でなければならぬ。――まとまりがあってはならぬ。（まとまりのある詩すなわち文芸上の哲学は、演繹的（えんえきてき）には小説となり、帰納的（きのうてき）には戯曲となる。詩とそれらとの関係は、日々の帳尻（ちょうじり）と月末もしくは年末決算との関係である。）そうして詩人は、けっして牧師が説教の材料を集め、淫売婦がある種の男を探すがごとくに、何らかの成心をもっていてはいけない。
　　　　〜〜〜〜〜〜〜〜〜〜〜〜〜〜〜〜〜
　粗雑（そざつ）ないい方ながら、以上で私のいわんとするところはほぼ解ることと思う。――いや、も一ついい残したことがある。それは、我々の要求する詩は、現在の日本に生活し、現在の日本語を用い、現在の日本を了解しているところの日本人によって歌われた詩でなければならぬということである。
　そうして私は、私自身現在の諸詩人の詩に満足するか否かをいう代りに、次の事をいいたい。――諸君のまじめな研究は外国語の知識に乏（とぼ）しい私の羨（うら）やみかつ敬服（けいふく）するところではあるが、諸君はその研究から利益とともにある禍（わざわ）いを受けているようなことはないか。かりにもし、ドイツ人は飲料水の代りに麦酒（ビール）を飲むそうだから我々もそうしようというようなこと……とまではむろんいくまいが、些少（さしょう）でもそれに類したことがあっては諸君の不名誉ではあるまいか。もっと卒直にいえば、諸君は諸君の詩に関する知識の日に日に進むとともに、その知識の上にある偶像を拵（こしら）え上げて、現在の日本を了解することを閑却（かんきゃく）しつつあるようなことはないか。両足を地面（じべた）に着けることを忘れてはいないか。
　また諸君は、詩を詩として新らしいものにしようということに熱心なるあまり、自己および自己の生活を改善するという一大事を閑却してはいないか。換言すれば、諸君のかつて排斥（はいせき）したところの詩人の堕落（だらく）をふたたび繰返さんとしつつあるようなことはないか。
　諸君は諸君の机上を飾っている美しい詩集の幾冊を焼き捨てて、諸君の企（くわだ）てた新運動の初期の心持に立還（たちかえ）ってみる必要はないか。
　　　　〜〜〜〜〜〜〜〜〜〜〜〜〜〜〜〜〜
　以上は現在私が抱いている詩についての見解と要求とをおおまかにいったのであるが、同じ立場から私は近時の創作評論のほとんどすべてについていろいろいってみたいことがある。



"
